entity_id,severity,urgency,safety_risk,traffic_density,speed_class,deadline_proximity,text_severity,criticality_target,split
usfd_001_v0,CRITICAL,0.8535,0.825,0.667,HIGH,0.4,8.4837,0.543632,train
usfd_001_v1,CRITICAL,0.9741,0.8074,0.6057,HIGH,0.4,8.0997,0.554226,train
usfd_001_v2,CRITICAL,0.8213,0.7953,0.5165,EXPRESS,0.4,8.0701,0.539592,train
usfd_001_v3,CRITICAL,0.8129,0.9379,0.7607,HIGH,0.4,8.96,0.556801,train
usfd_001_v4,CRITICAL,0.8676,0.8581,0.6191,EXPRESS,0.4,8.2466,0.560102,train
usfd_001_v5,CRITICAL,0.7823,0.8093,0.776,EXPRESS,0.4,8.6186,0.555932,train
usfd_001_v6,CRITICAL,0.8287,1.0,0.5884,EXPRESS,0.4,9.0496,0.566468,train
usfd_001_v7,CRITICAL,0.9084,0.9623,0.6679,EXPRESS,0.4,8.3338,0.580424,train
usfd_001_v8,CRITICAL,0.7547,0.8479,0.5889,HIGH,0.4,7.4859,0.526128,train
usfd_001_v9,CRITICAL,0.8267,0.9471,0.5829,EXPRESS,0.4,8.1604,0.560487,train
usfd_002_v0,SEVERE,0.8141,0.6673,0.8188,EXPRESS,0.4,7.7817,0.526111,train
usfd_002_v1,SEVERE,0.8492,0.5259,0.8354,EXPRESS,0.4,7.3342,0.517718,train
usfd_002_v2,SEVERE,0.9143,0.6186,0.75,HIGH,0.4,6.8457,0.516111,train
usfd_002_v3,SEVERE,0.8857,0.5335,0.524,EXPRESS,0.4,7.3607,0.498189,train
usfd_002_v4,SEVERE,0.8255,0.5811,0.7178,EXPRESS,0.4,7.1189,0.51045,train
usfd_002_v5,SEVERE,0.8736,0.4993,0.6641,HIGH,0.4,7.3558,0.491348,train
usfd_002_v6,SEVERE,0.8459,0.5239,0.8386,EXPRESS,0.4,6.7663,0.517374,train
usfd_002_v7,SEVERE,0.8213,0.4719,0.6906,EXPRESS,0.4,6.7505,0.496671,train
usfd_002_v8,SEVERE,0.7652,0.5263,0.958,EXPRESS,0.4,7.8063,0.518223,train
usfd_002_v9,SEVERE,1.0,0.4823,0.7279,EXPRESS,0.4,7.4169,0.523461,train
usfd_003_v0,SEVERE,0.744,0.8082,0.495,EXPRESS,0.4,7.7427,0.505061,train
usfd_003_v1,SEVERE,0.9502,0.7027,0.5306,HIGH,0.4,7.8733,0.512756,train
usfd_003_v2,SEVERE,0.8889,0.7097,0.586,EXPRESS,0.4,7.0339,0.521652,train
usfd_003_v3,SEVERE,0.923,0.7879,0.6419,EXPRESS,0.4,7.2157,0.538939,train
usfd_003_v4,SEVERE,0.7578,0.6539,0.822,EXPRESS,0.4,7.7353,0.517762,train
usfd_003_v5,SEVERE,0.8138,0.6616,0.6816,EXPRESS,0.4,7.2691,0.514129,train
usfd_003_v6,SEVERE,0.6966,0.8321,0.6367,HIGH,0.4,7.1973,0.499197,train
usfd_003_v7,SEVERE,0.872,0.703,0.6794,EXPRESS,0.4,7.1856,0.525947,train
usfd_003_v8,SEVERE,0.8094,0.796,0.5309,EXPRESS,0.4,7.979,0.515413,train
usfd_003_v9,SEVERE,0.896,0.7676,0.5374,HIGH,0.4,7.0848,0.51254,train
usfd_004_v0,MODERATE,0.9211,0.8677,0.5838,HIGH,0.4,7.205,0.504706,train
usfd_004_v1,MODERATE,0.9549,0.9011,0.7156,HIGH,0.4,7.0991,0.523692,train
usfd_004_v2,MODERATE,1.0,0.7628,0.4247,EXPRESS,0.4,6.9544,0.502774,train
usfd_004_v3,MODERATE,1.0,0.9069,0.6947,HIGH,0.4,7.0257,0.529446,train
usfd_004_v4,MODERATE,0.9435,0.8047,0.6785,EXPRESS,0.4,7.4213,0.51816,train
usfd_004_v5,MODERATE,1.0,0.7397,0.5328,EXPRESS,0.4,6.6718,0.508032,train
usfd_004_v6,MODERATE,0.8857,0.8397,0.5405,HIGH,0.4,6.5239,0.493347,train
usfd_004_v7,MODERATE,1.0,0.8086,0.7163,EXPRESS,0.4,6.8817,0.529886,train
usfd_004_v8,MODERATE,1.0,0.8872,0.8793,EXPRESS,0.4,8.2805,0.552217,train
usfd_004_v9,MODERATE,0.9399,0.8471,0.4572,EXPRESS,0.4,6.4488,0.505427,train
usfd_005_v0,MODERATE,0.901,0.6871,0.5978,EXPRESS,0.4,6.5994,0.493363,train
usfd_005_v1,MODERATE,1.0,0.6591,0.594,EXPRESS,0.4,6.4495,0.50379,train
usfd_005_v2,MODERATE,0.8812,0.6537,0.6034,EXPRESS,0.4,6.8651,0.48762,train
usfd_005_v3,MODERATE,0.8837,0.6068,0.5729,EXPRESS,0.4,5.9996,0.480743,train
usfd_005_v4,MODERATE,1.0,0.476,0.5661,EXPRESS,0.4,6.5744,0.481531,train
usfd_005_v5,MODERATE,0.9264,0.484,0.7279,HIGH,0.4,6.4611,0.476126,train
usfd_005_v6,MODERATE,0.9106,0.6067,0.5809,EXPRESS,0.4,6.1348,0.484906,train
usfd_005_v7,MODERATE,1.0,0.5077,0.5301,EXPRESS,0.4,6.1494,0.48232,train
usfd_005_v8,MODERATE,0.8859,0.6104,0.5208,EXPRESS,0.4,6.9449,0.477514,train
usfd_005_v9,MODERATE,1.0,0.5047,0.457,HIGH,0.4,6.667,0.467212,train
usfd_006_v0,MODERATE,0.2814,0.7959,0.7048,HIGH,0.0,5.6508,0.403684,train
usfd_006_v1,MODERATE,0.2988,0.7123,0.8318,EXPRESS,0.0,4.8101,0.416775,train
usfd_006_v2,MODERATE,0.2661,0.6499,0.7023,EXPRESS,0.0,4.5296,0.400742,train
usfd_006_v3,MODERATE,0.1577,0.6414,0.6582,HIGH,0.0,4.6109,0.378182,train
usfd_006_v4,MODERATE,0.2422,0.6307,0.8107,HIGH,0.0,4.8846,0.39474,train
usfd_006_v5,MODERATE,0.3473,0.7592,0.4739,EXPRESS,0.0,4.8341,0.404246,train
usfd_006_v6,MODERATE,0.0709,0.7742,0.6918,HIGH,0.0,4.9399,0.380302,train
usfd_006_v7,MODERATE,0.2624,0.6755,0.4408,HIGH,0.0,4.9658,0.378731,train
usfd_006_v8,MODERATE,0.2869,0.6991,0.8908,EXPRESS,0.0,5.0041,0.41856,train
usfd_006_v9,MODERATE,0.1606,0.6817,0.7965,EXPRESS,0.0,5.3583,0.398501,train
usfd_007_v0,MINOR,0.5357,0.412,0.5502,HIGH,0.0,4.2809,0.367531,train
usfd_007_v1,MINOR,0.5922,0.4213,0.5787,HIGH,0.0,4.6675,0.375451,train
usfd_007_v2,MINOR,0.5275,0.5352,0.6547,EXPRESS,0.0,3.9437,0.38865,train
usfd_007_v3,MINOR,0.5568,0.4364,0.7027,EXPRESS,0.0,4.849,0.386341,train
usfd_007_v4,MINOR,0.5146,0.3934,0.7653,HIGH,0.0,4.6145,0.376306,train
usfd_007_v5,MINOR,0.5861,0.3845,0.657,EXPRESS,0.0,4.0532,0.382256,train
usfd_007_v6,MINOR,0.5109,0.4155,0.3399,HIGH,0.0,3.3697,0.355171,train
usfd_007_v7,MINOR,0.5874,0.5334,0.442,EXPRESS,0.0,4.2197,0.383385,train
usfd_007_v8,MINOR,0.5555,0.4472,0.8261,HIGH,0.0,5.0604,0.38862,train
usfd_007_v9,MINOR,0.4229,0.5625,0.4366,HIGH,0.0,3.7898,0.362415,train
usfd_008_v0,SEVERE,0.9749,0.3627,0.7342,EXPRESS,0.4,7.1122,0.507702,train
usfd_008_v1,SEVERE,0.9211,0.4118,0.3724,EXPRESS,0.4,6.512,0.47912,train
usfd_008_v2,SEVERE,0.9727,0.4184,0.64,EXPRESS,0.4,6.4966,0.505898,train
usfd_008_v3,SEVERE,1.0,0.366,0.4973,EXPRESS,0.4,6.9998,0.492814,train
usfd_008_v4,SEVERE,0.8721,0.3319,0.6551,EXPRESS,0.4,6.3223,0.485604,train
usfd_008_v5,SEVERE,0.8905,0.3541,0.7479,EXPRESS,0.1,6.797,0.480031,train
usfd_008_v6,SEVERE,0.8722,0.4096,0.3719,EXPRESS,0.4,6.2533,0.472862,train
usfd_008_v7,SEVERE,0.9992,0.4009,0.5577,EXPRESS,0.4,6.5684,0.501026,train
usfd_008_v8,SEVERE,0.9136,0.4502,0.8101,HIGH,0.4,6.5765,0.503286,train
usfd_008_v9,SEVERE,0.9837,0.4266,0.5058,EXPRESS,0.4,7.1608,0.498007,train
usfd_009_v0,CRITICAL,1.0,0.9349,0.5714,HIGH,0.1,8.5896,0.554225,train
usfd_009_v1,CRITICAL,1.0,0.8746,0.5375,EXPRESS,0.1,8.176,0.560419,train
usfd_009_v2,CRITICAL,1.0,0.9589,0.4693,EXPRESS,0.1,8.0578,0.565542,train
usfd_009_v3,CRITICAL,1.0,1.0,0.4144,EXPRESS,0.1,8.2826,0.5669,train
usfd_009_v4,CRITICAL,1.0,0.9636,0.5118,HIGH,0.1,9.0197,0.553742,train
usfd_009_v5,CRITICAL,1.0,1.0,0.6388,EXPRESS,0.1,9.5482,0.580195,train
usfd_009_v6,CRITICAL,1.0,1.0,0.6594,EXPRESS,0.1,9.4359,0.581509,train
usfd_009_v7,CRITICAL,1.0,1.0,0.6692,EXPRESS,0.1,8.7648,0.582139,train
usfd_009_v8,CRITICAL,0.8993,0.9875,0.7981,EXPRESS,0.1,9.1164,0.574291,train
usfd_009_v9,CRITICAL,0.9659,0.9055,0.486,HIGH,0.1,8.1162,0.540755,train
usfd_010_v0,CRITICAL,0.9396,0.8377,0.6021,EXPRESS,0.1,7.8735,0.551565,train
usfd_010_v1,CRITICAL,0.9678,0.8885,0.5559,HIGH,0.4,8.4538,0.558246,train
usfd_010_v2,CRITICAL,1.0,0.8968,0.6678,EXPRESS,0.4,9.2624,0.587064,train
usfd_010_v3,CRITICAL,0.9613,0.8112,0.5303,EXPRESS,0.4,8.8507,0.56195,train
usfd_010_v4,CRITICAL,1.0,0.8638,0.8086,EXPRESS,0.4,9.1963,0.59479,train
usfd_010_v5,CRITICAL,0.9229,0.8239,0.5639,HIGH,0.4,8.5029,0.545434,train
usfd_010_v6,CRITICAL,0.907,0.843,0.5765,HIGH,0.4,8.4616,0.546099,train
usfd_010_v7,CRITICAL,0.8765,0.8588,0.6153,HIGH,0.4,8.5075,0.54632,train
usfd_010_v8,CRITICAL,0.8426,0.8723,0.5297,EXPRESS,0.4,7.9358,0.551292,train
usfd_010_v9,CRITICAL,0.9484,0.9622,0.5412,EXPRESS,0.4,9.1869,0.576808,train
usfd_011_v0,CRITICAL,0.8305,0.9364,0.5221,EXPRESS,0.4,8.2204,0.555459,train
usfd_011_v1,CRITICAL,0.986,1.0,0.655,EXPRESS,0.7,9.8372,0.61058,train
usfd_011_v2,CRITICAL,0.8178,0.8941,0.4553,HIGH,0.7,8.3911,0.543264,train
usfd_011_v3,CRITICAL,0.9654,0.9636,0.6741,EXPRESS,0.7,8.7849,0.605449,train
usfd_011_v4,CRITICAL,0.9157,1.0,0.5602,EXPRESS,0.7,9.5373,0.591875,train
usfd_011_v5,CRITICAL,0.8559,0.8951,0.5191,EXPRESS,0.4,8.2324,0.554722,train
usfd_011_v6,CRITICAL,0.9416,0.9352,0.6706,EXPRESS,0.7,8.5702,0.598724,train
usfd_011_v7,CRITICAL,1.0,1.0,0.6345,HIGH,0.7,9.7574,0.59652,train
usfd_011_v8,CRITICAL,0.9578,0.9594,0.6857,EXPRESS,0.7,9.1789,0.604938,train
usfd_011_v9,CRITICAL,0.9119,1.0,0.7233,HIGH,0.7,9.6426,0.591344,train
usfd_012_v0,SEVERE,0.7725,0.3857,0.7973,EXPRESS,0.1,7.0752,0.472861,train
usfd_012_v1,SEVERE,0.7448,0.3516,0.6096,EXPRESS,0.4,6.1533,0.469413,train
usfd_012_v2,SEVERE,0.7954,0.2437,0.735,EXPRESS,0.4,5.7794,0.474398,train
usfd_012_v3,SEVERE,0.8916,0.2688,0.5802,EXPRESS,0.4,6.201,0.475505,train
usfd_012_v4,SEVERE,0.6269,0.3602,0.5871,HIGH,0.4,6.1557,0.44328,train
usfd_012_v5,SEVERE,0.7617,0.3661,0.6748,HIGH,0.4,6.8193,0.465388,train
usfd_012_v6,SEVERE,0.6405,0.364,0.5898,EXPRESS,0.4,6.1998,0.45765,train
usfd_012_v7,SEVERE,0.835,0.2882,0.7115,HIGH,0.4,5.9911,0.468892,train
usfd_012_v8,SEVERE,0.786,0.2512,0.747,EXPRESS,0.4,6.3257,0.475106,train
usfd_012_v9,SEVERE,0.7821,0.3692,0.5267,EXPRESS,0.4,5.9684,0.469105,train
usfd_013_v0,MODERATE,0.4803,0.5741,0.5274,HIGH,0.0,4.9704,0.397847,train
usfd_013_v1,MODERATE,0.6629,0.557,0.417,EXPRESS,0.0,5.5698,0.420001,train
usfd_013_v2,MODERATE,0.6544,0.6249,0.4436,HIGH,0.0,4.9966,0.417254,train
usfd_013_v3,MODERATE,0.5346,0.5859,0.3361,EXPRESS,0.0,4.6595,0.404172,train
usfd_013_v4,MODERATE,0.6538,0.6307,0.7294,HIGH,0.0,6.2475,0.434046,train
usfd_013_v5,MODERATE,0.5978,0.6945,0.56,EXPRESS,0.0,5.6245,0.432277,train
usfd_013_v6,MODERATE,0.4642,0.5603,0.7068,EXPRESS,0.0,5.6331,0.414528,train
usfd_013_v7,MODERATE,0.5762,0.5348,0.5822,HIGH,0.0,4.7298,0.407897,train
usfd_013_v8,MODERATE,0.5551,0.5808,0.848,HIGH,0.0,5.9289,0.42595,train
usfd_013_v9,MODERATE,0.6255,0.7081,0.4207,EXPRESS,0.0,5.5308,0.429369,train
usfd_014_v0,MODERATE,0.3863,0.622,0.8878,EXPRESS,0.4,5.8089,0.448527,train
usfd_014_v1,MODERATE,0.5176,0.6095,0.4549,HIGH,0.4,5.3926,0.418535,train
usfd_014_v2,MODERATE,0.3177,0.4548,0.4018,HIGH,0.4,4.1744,0.382798,train
usfd_014_v3,MODERATE,0.4825,0.5083,0.4643,EXPRESS,0.4,5.242,0.41629,train
usfd_014_v4,MODERATE,0.389,0.5575,0.8613,EXPRESS,0.4,5.6331,0.441449,train
usfd_014_v5,MODERATE,0.4987,0.6067,0.5418,EXPRESS,0.4,5.8913,0.431689,train
usfd_014_v6,MODERATE,0.4784,0.4643,0.4381,EXPRESS,0.4,5.1376,0.410477,train
usfd_014_v7,MODERATE,0.4766,0.4777,0.4215,EXPRESS,0.4,5.0827,0.410254,train
usfd_014_v8,MODERATE,0.5062,0.5201,0.6893,HIGH,0.4,4.7476,0.427189,train
usfd_014_v9,MODERATE,0.4437,0.5145,0.4719,HIGH,0.4,5.3575,0.404134,train
usfd_015_v0,SEVERE,0.8706,0.465,0.8307,EXPRESS,0.1,6.7337,0.495014,train
usfd_015_v1,SEVERE,0.7397,0.4713,0.5186,EXPRESS,0.4,6.8795,0.47356,train
usfd_015_v2,SEVERE,0.7136,0.4371,0.5843,EXPRESS,0.4,5.8375,0.472159,train
usfd_015_v3,SEVERE,0.8135,0.4167,0.5985,EXPRESS,0.4,6.3439,0.482913,train
usfd_015_v4,SEVERE,0.8365,0.3776,0.8285,EXPRESS,0.4,6.9131,0.50043,train
usfd_015_v5,SEVERE,0.8392,0.3829,0.4597,EXPRESS,0.4,6.3372,0.47227,train
usfd_015_v6,SEVERE,0.9071,0.4815,0.5474,EXPRESS,0.4,6.493,0.497213,train
usfd_015_v7,SEVERE,0.8168,0.4713,0.5806,EXPRESS,0.4,6.3104,0.487437,train
usfd_015_v8,SEVERE,0.8018,0.5055,0.6256,EXPRESS,0.4,6.3275,0.492506,train
usfd_015_v9,SEVERE,0.9636,0.4718,0.4261,HIGH,0.4,6.7385,0.482132,train
usfd_016_v0,SEVERE,0.9625,0.5686,0.9486,EXPRESS,0.4,7.3668,0.546868,train
usfd_016_v1,SEVERE,1.0,0.6197,0.7183,EXPRESS,0.4,7.4298,0.537734,train
usfd_016_v2,SEVERE,1.0,0.716,0.5292,EXPRESS,0.4,7.5192,0.533608,train
usfd_016_v3,SEVERE,1.0,0.6516,0.7834,EXPRESS,0.4,7.6107,0.546585,train
usfd_016_v4,SEVERE,1.0,0.603,0.9254,EXPRESS,0.4,8.3552,0.553547,train
usfd_016_v5,SEVERE,0.9579,0.5797,0.6664,EXPRESS,0.4,6.997,0.523499,train
usfd_016_v6,SEVERE,0.9593,0.619,0.6524,EXPRESS,0.4,7.4458,0.52681,train
usfd_016_v7,SEVERE,0.9672,0.5577,0.7107,EXPRESS,0.4,7.1337,0.525929,train
usfd_016_v8,SEVERE,1.0,0.5287,0.8495,EXPRESS,0.4,8.0448,0.538785,train
usfd_016_v9,SEVERE,0.9827,0.6827,0.76,EXPRESS,0.4,7.8728,0.545609,train
usfd_017_v0,MINOR,0.3589,0.6105,0.7278,EXPRESS,0.4,4.5184,0.403582,train
usfd_017_v1,MINOR,0.5362,0.5714,0.6607,EXPRESS,0.4,5.0208,0.413984,train
usfd_017_v2,MINOR,0.387,0.5739,0.7594,EXPRESS,0.4,4.8477,0.406192,train
usfd_017_v3,MINOR,0.566,0.6804,0.7127,EXPRESS,0.4,5.1158,0.430763,train
usfd_017_v4,MINOR,0.426,0.6237,0.7955,EXPRESS,0.4,4.3357,0.41708,train
usfd_017_v5,MINOR,0.4264,0.6062,0.7401,EXPRESS,0.4,4.6876,0.41124,train
usfd_017_v6,MINOR,0.3736,0.6367,0.7208,EXPRESS,0.4,4.9149,0.406523,train
usfd_017_v7,MINOR,0.6268,0.4892,0.6902,EXPRESS,0.4,4.7502,0.419121,train
usfd_017_v8,MINOR,0.3849,0.5862,0.7181,EXPRESS,0.4,4.1841,0.403632,train
usfd_017_v9,MINOR,0.429,0.6842,0.6196,HIGH,0.4,5.1576,0.402046,train
usfd_018_v0,CRITICAL,0.8243,0.9322,0.6112,HIGH,0.9,8.9987,0.571853,train
usfd_018_v1,CRITICAL,1.0,0.9455,0.4528,EXPRESS,0.7,8.7076,0.589734,train
usfd_018_v2,CRITICAL,0.931,0.9378,0.5593,HIGH,0.7,9.1503,0.573047,train
usfd_018_v3,CRITICAL,0.8978,0.9169,0.5828,HIGH,0.7,8.7225,0.568072,train
usfd_018_v4,CRITICAL,0.928,1.0,0.6277,EXPRESS,0.7,9.3012,0.599564,train
usfd_018_v5,CRITICAL,0.9159,0.9232,0.6639,EXPRESS,0.9,9.1712,0.603718,train
usfd_018_v6,CRITICAL,0.9092,1.0,0.504,EXPRESS,0.7,9.0076,0.586134,train
usfd_018_v7,CRITICAL,0.9346,0.9373,0.6379,EXPRESS,0.7,9.2517,0.595004,train
usfd_018_v8,CRITICAL,0.9482,0.9777,0.7609,EXPRESS,0.7,9.4816,0.612248,train
usfd_018_v9,CRITICAL,0.9241,0.9282,0.6214,EXPRESS,0.7,8.421,0.591082,train
usfd_019_v0,CRITICAL,0.9108,0.9695,0.562,HIGH,0.1,9.0346,0.543834,train
usfd_019_v1,CRITICAL,1.0,0.9727,0.7039,HIGH,0.1,9.3023,0.566809,train
usfd_019_v2,CRITICAL,0.9556,0.9513,0.6704,EXPRESS,0.1,8.3611,0.570308,train
usfd_019_v3,CRITICAL,1.0,0.8482,0.7583,EXPRESS,0.1,9.0769,0.571756,train
usfd_019_v4,CRITICAL,1.0,0.9835,0.8136,EXPRESS,0.1,9.5778,0.590067,train
usfd_019_v5,CRITICAL,0.9033,0.8973,0.5537,EXPRESS,0.1,8.4836,0.549543,train
usfd_019_v6,CRITICAL,1.0,1.0,0.4151,HIGH,0.1,7.9776,0.552152,train
usfd_019_v7,CRITICAL,1.0,0.9023,0.7378,HIGH,0.1,8.2633,0.561471,train
usfd_019_v8,CRITICAL,1.0,0.9719,0.6126,EXPRESS,0.1,8.4663,0.57553,train
usfd_019_v9,CRITICAL,1.0,0.8809,0.5688,HIGH,0.1,8.9451,0.548187,train
usfd_020_v0,MODERATE,0.4226,0.6007,0.8682,EXPRESS,0.1,5.4385,0.43008,train
usfd_020_v1,MODERATE,0.6281,0.5109,0.646,HIGH,0.1,5.3538,0.420472,train
usfd_020_v2,MODERATE,0.4879,0.6703,0.4931,EXPRESS,0.1,5.2423,0.418402,train
usfd_020_v3,MODERATE,0.6781,0.6811,0.5197,EXPRESS,0.1,5.906,0.443369,train
usfd_020_v4,MODERATE,0.6247,0.5517,0.7593,HIGH,0.1,5.1765,0.431223,train
usfd_020_v5,MODERATE,0.6535,0.5709,0.7451,EXPRESS,0.1,5.2795,0.444673,train
usfd_020_v6,MODERATE,0.5788,0.5587,0.5304,EXPRESS,0.1,4.7967,0.421333,train
usfd_020_v7,MODERATE,0.6336,0.5214,0.5664,EXPRESS,0.1,5.2065,0.426349,train
usfd_020_v8,MODERATE,0.4254,0.6601,0.6011,EXPRESS,0.1,4.8641,0.417123,train
usfd_020_v9,MODERATE,0.4812,0.5601,0.5498,EXPRESS,0.1,4.534,0.411979,train
usfd_021_v0,MODERATE,0.2536,0.628,0.5456,EXPRESS,0.7,4.4601,0.42245,train
usfd_021_v1,MODERATE,0.488,0.5452,0.6287,EXPRESS,0.4,5.6847,0.43193,train
usfd_021_v2,MODERATE,0.3732,0.4618,0.5319,EXPRESS,0.4,4.1624,0.406479,train
usfd_021_v3,MODERATE,0.498,0.6434,0.539,EXPRESS,0.4,6.0437,0.434466,train
usfd_021_v4,MODERATE,0.2646,0.5358,0.611,EXPRESS,0.4,4.7309,0.407383,train
usfd_021_v5,MODERATE,0.5283,0.4547,0.3627,EXPRESS,0.7,4.7067,0.421796,train
usfd_021_v6,MODERATE,0.4019,0.5797,0.4605,EXPRESS,0.4,5.0064,0.413359,train
usfd_021_v7,MODERATE,0.4189,0.5611,0.3701,EXPRESS,0.4,5.2534,0.407572,train
usfd_021_v8,MODERATE,0.4062,0.5938,0.7387,HIGH,0.4,5.25,0.42652,train
usfd_021_v9,MODERATE,0.3648,0.5378,0.5118,EXPRESS,0.4,4.3634,0.409986,train
usfd_022_v0,MINOR,0.5824,0.403,0.7497,HIGH,0.0,4.8458,0.382832,train
usfd_022_v1,MINOR,0.5561,0.4064,0.5173,HIGH,0.0,4.2187,0.367349,train
usfd_022_v2,MINOR,0.6748,0.3513,0.7146,EXPRESS,0.0,4.3077,0.391827,train
usfd_022_v3,MINOR,0.5693,0.3407,0.7461,EXPRESS,0.0,4.7111,0.382228,train
usfd_022_v4,MINOR,0.6531,0.4337,0.8402,EXPRESS,0.0,4.9456,0.404851,train
usfd_022_v5,MINOR,0.5911,0.3713,0.5697,HIGH,0.0,4.425,0.370662,train
usfd_022_v6,MINOR,0.5682,0.4225,0.7096,EXPRESS,0.0,4.8305,0.386751,train
usfd_022_v7,MINOR,0.7739,0.4037,0.7254,EXPRESS,0.0,4.3386,0.408037,train
usfd_022_v8,MINOR,0.703,0.4059,0.707,HIGH,0.0,4.8259,0.393068,train
usfd_022_v9,MINOR,0.6142,0.338,0.4824,EXPRESS,0.0,4.0586,0.371633,train
usfd_023_v0,MINOR,0.2162,0.4684,0.7628,HIGH,0.0,3.901,0.354667,train
usfd_023_v1,MINOR,0.2316,0.494,0.5259,EXPRESS,0.0,3.7438,0.350424,train
usfd_023_v2,MINOR,0.3064,0.5235,0.4235,HIGH,0.0,3.0491,0.348014,train
usfd_023_v3,MINOR,0.3283,0.5748,0.4984,EXPRESS,0.0,3.8631,0.36323,train
usfd_023_v4,MINOR,0.2261,0.4646,0.8115,HIGH,0.0,3.61,0.358224,train
usfd_023_v5,MINOR,0.248,0.5457,0.5842,EXPRESS,0.0,3.19,0.358315,train
usfd_023_v6,MINOR,0.2149,0.5599,0.3926,EXPRESS,0.0,3.0543,0.346781,train
usfd_023_v7,MINOR,0.2129,0.4611,0.5208,HIGH,0.0,3.5127,0.340607,train
usfd_023_v8,MINOR,0.1622,0.486,0.791,EXPRESS,0.0,4.0821,0.358964,train
usfd_023_v9,MINOR,0.3735,0.4544,0.7343,HIGH,0.0,3.3437,0.365816,train
usfd_024_v0,SEVERE,0.9311,0.9224,0.7873,EXPRESS,0.1,8.1409,0.548094,train
usfd_024_v1,SEVERE,0.7976,0.7242,0.5669,EXPRESS,0.4,7.3716,0.509321,train
usfd_024_v2,SEVERE,0.9097,0.904,0.4722,EXPRESS,0.4,7.5094,0.536526,train
usfd_024_v3,SEVERE,0.9113,0.8548,0.5953,EXPRESS,0.4,7.6906,0.540697,train
usfd_024_v4,SEVERE,0.7899,0.7536,0.7611,HIGH,0.4,7.4626,0.514167,train
usfd_024_v5,SEVERE,0.9874,0.7899,0.7279,EXPRESS,0.1,7.6436,0.538066,train
usfd_024_v6,SEVERE,0.7451,0.7895,0.6779,EXPRESS,0.4,7.615,0.517368,train
usfd_024_v7,SEVERE,0.8125,0.8746,0.6346,EXPRESS,0.4,8.0565,0.531625,train
usfd_024_v8,SEVERE,0.8177,0.9048,0.7828,EXPRESS,0.4,8.205,0.547366,train
usfd_024_v9,SEVERE,0.9774,0.8754,0.4973,HIGH,0.4,7.7588,0.532894,train
usfd_025_v0,CRITICAL,0.7227,0.7949,0.5142,EXPRESS,0.4,7.7076,0.526047,train
usfd_025_v1,CRITICAL,0.7237,0.8763,0.4024,EXPRESS,0.4,8.23,0.526035,train
usfd_025_v2,CRITICAL,0.7976,0.8114,0.5568,EXPRESS,0.4,8.408,0.540928,train
usfd_025_v3,CRITICAL,0.925,0.8299,0.6957,EXPRESS,0.4,8.4167,0.571317,train
usfd_025_v4,CRITICAL,0.7642,0.7402,0.5165,HIGH,0.4,8.0895,0.511445,train
usfd_025_v5,CRITICAL,0.7924,0.8529,0.5736,HIGH,0.4,7.9739,0.530669,train
usfd_025_v6,CRITICAL,0.7555,0.8445,0.4352,EXPRESS,0.4,7.5924,0.529601,train
usfd_025_v7,CRITICAL,0.8081,0.7777,0.6109,EXPRESS,0.4,8.2576,0.543111,train
usfd_025_v8,CRITICAL,0.6658,0.7289,0.7631,HIGH,0.4,7.9749,0.516949,train
usfd_025_v9,CRITICAL,0.8676,0.9213,0.7211,EXPRESS,0.4,8.853,0.574508,train
usfd_026_v0,MINOR,0.5739,0.59,0.9871,EXPRESS,0.0,5.1357,0.420041,train
usfd_026_v1,MINOR,0.7428,0.6776,0.6038,EXPRESS,0.0,5.6818,0.423116,train
usfd_026_v2,MINOR,0.7352,0.624,0.8116,EXPRESS,0.0,5.7128,0.429959,train
usfd_026_v3,MINOR,0.7263,0.6492,0.6494,EXPRESS,0.0,5.123,0.421057,train
usfd_026_v4,MINOR,0.5833,0.5328,0.9791,EXPRESS,0.0,4.8057,0.415561,train
usfd_026_v5,MINOR,0.633,0.5054,0.8178,HIGH,0.0,5.1478,0.401297,train
usfd_026_v6,MINOR,0.7404,0.6967,0.4951,EXPRESS,0.0,5.5301,0.418584,train
usfd_026_v7,MINOR,0.6315,0.5653,0.5449,EXPRESS,0.0,5.0097,0.396333,train
usfd_026_v8,MINOR,0.7342,0.5231,0.7751,EXPRESS,0.0,5.3924,0.417925,train
usfd_026_v9,MINOR,0.657,0.6088,0.594,EXPRESS,0.0,4.8693,0.40583,train
usfd_027_v0,CRITICAL,0.8082,0.8119,0.8378,EXPRESS,0.4,8.3482,0.564897,train
usfd_027_v1,CRITICAL,0.9673,0.9169,0.579,HIGH,0.4,8.5123,0.562928,train
usfd_027_v2,CRITICAL,0.8066,0.9133,0.7211,EXPRESS,0.4,8.1473,0.565024,train
usfd_027_v3,CRITICAL,0.8,0.8782,0.744,EXPRESS,0.4,8.0347,0.562494,train
usfd_027_v4,CRITICAL,0.883,0.8902,0.6284,EXPRESS,0.4,8.303,0.566289,train
usfd_027_v5,CRITICAL,0.9573,0.7495,0.5693,EXPRESS,0.7,8.4122,0.572623,train
usfd_027_v6,CRITICAL,0.7639,0.7553,0.4157,EXPRESS,0.4,7.3045,0.520656,train
usfd_027_v7,CRITICAL,0.9787,0.795,0.4056,EXPRESS,0.4,8.6496,0.553902,train
usfd_027_v8,CRITICAL,0.836,0.8783,0.5694,EXPRESS,0.4,8.7355,0.553906,train
usfd_027_v9,CRITICAL,0.9071,0.7778,0.6766,EXPRESS,0.4,7.8332,0.561871,train
usfd_028_v0,MINOR,0.559,0.6312,0.8436,EXPRESS,0.4,5.3491,0.436507,train
usfd_028_v1,MINOR,0.6267,0.6076,0.51,HIGH,0.4,4.7046,0.409828,train
usfd_028_v2,MINOR,0.7305,0.6414,0.4339,EXPRESS,0.4,5.2718,0.426308,train
usfd_028_v3,MINOR,0.6039,0.6831,0.4863,HIGH,0.4,4.8121,0.412129,train
usfd_028_v4,MINOR,0.6876,0.5981,0.6762,EXPRESS,0.4,4.8062,0.434911,train
usfd_028_v5,MINOR,0.8339,0.5635,0.6,EXPRESS,0.4,5.5336,0.44363,train
usfd_028_v6,MINOR,0.6337,0.674,0.6438,EXPRESS,0.4,5.0145,0.432842,train
usfd_028_v7,MINOR,0.6039,0.7077,0.5275,EXPRESS,0.4,5.2991,0.42355,train
usfd_028_v8,MINOR,0.7252,0.697,0.6426,HIGH,0.4,5.5246,0.4398,train
usfd_028_v9,MINOR,0.7952,0.615,0.7012,EXPRESS,0.4,5.887,0.451783,train
usfd_029_v0,CRITICAL,0.9916,0.9523,0.5822,EXPRESS,0.1,8.5352,0.57026,train
usfd_029_v1,CRITICAL,0.9105,0.7999,0.4537,EXPRESS,0.1,8.0251,0.534472,train
usfd_029_v2,CRITICAL,1.0,0.8686,0.5383,EXPRESS,0.1,8.1583,0.559816,train
usfd_029_v3,CRITICAL,0.9857,0.9462,0.7833,EXPRESS,0.1,8.6039,0.581842,train
usfd_029_v4,CRITICAL,0.9283,0.9379,0.8543,EXPRESS,0.1,8.8609,0.577441,train
usfd_029_v5,CRITICAL,1.0,0.8592,0.636,EXPRESS,0.1,9.0134,0.564856,train
usfd_029_v6,CRITICAL,1.0,0.8058,0.6779,EXPRESS,0.1,8.6359,0.561789,train
usfd_029_v7,CRITICAL,0.9771,0.776,0.7013,EXPRESS,0.1,8.6079,0.556814,train
usfd_029_v8,CRITICAL,0.9423,0.898,0.6976,HIGH,0.1,9.016,0.549693,train
usfd_029_v9,CRITICAL,0.9846,0.9896,0.5468,EXPRESS,0.1,9.3433,0.571039,train
usfd_030_v0,CRITICAL,0.718,0.9275,0.6549,EXPRESS,0.4,8.8395,0.548753,train
usfd_030_v1,CRITICAL,0.7943,0.8915,0.7021,HIGH,0.4,7.8233,0.544791,train
usfd_030_v2,CRITICAL,0.8868,0.8433,0.5427,EXPRESS,0.4,8.4654,0.555564,train
usfd_030_v3,CRITICAL,0.923,0.9898,0.5384,EXPRESS,0.4,8.8781,0.575685,train
usfd_030_v4,CRITICAL,0.8271,0.8496,0.7694,HIGH,0.4,7.9569,0.550715,train
usfd_030_v5,CRITICAL,0.9366,0.8698,0.5444,EXPRESS,0.4,8.2448,0.565606,train
usfd_030_v6,CRITICAL,0.8071,0.9993,0.5038,EXPRESS,0.4,8.4611,0.557007,train
usfd_030_v7,CRITICAL,0.7894,0.9406,0.5704,EXPRESS,0.4,8.3147,0.553563,train
usfd_030_v8,CRITICAL,0.7211,0.9064,0.8478,EXPRESS,0.4,8.3572,0.562999,train
usfd_030_v9,CRITICAL,0.7756,0.9084,0.7461,EXPRESS,0.4,8.7834,0.56222,train
usfd_031_v0,MODERATE,0.3626,0.7875,0.7679,EXPRESS,0.0,5.1977,0.425151,train
usfd_031_v1,MODERATE,0.2482,0.6578,0.6465,HIGH,0.0,4.7997,0.387156,train
usfd_031_v2,MODERATE,0.2285,0.7907,0.5511,EXPRESS,0.0,4.5032,0.397985,train
usfd_031_v3,MODERATE,0.2742,0.8599,0.6179,EXPRESS,0.0,5.7103,0.411484,train
usfd_031_v4,MODERATE,0.3376,0.6448,0.8394,EXPRESS,0.0,5.2799,0.416348,train
usfd_031_v5,MODERATE,0.3632,0.6989,0.6816,EXPRESS,0.0,5.4705,0.413097,train
usfd_031_v6,MODERATE,0.1837,0.8533,0.5034,EXPRESS,0.0,4.439,0.394966,train
usfd_031_v7,MODERATE,0.2298,0.6606,0.3963,EXPRESS,0.0,4.6966,0.381328,train
usfd_031_v8,MODERATE,0.223,0.8182,0.8084,EXPRESS,0.0,5.1413,0.414736,train
usfd_031_v9,MODERATE,0.3524,0.7702,0.3805,EXPRESS,0.0,5.0423,0.400941,train
usfd_032_v0,SEVERE,0.9106,0.7137,0.8684,HIGH,0.1,7.9282,0.516534,train
usfd_032_v1,SEVERE,0.9952,0.8185,0.5972,EXPRESS,0.1,7.2892,0.533744,train
usfd_032_v2,SEVERE,0.8009,0.7783,0.6024,EXPRESS,0.1,7.597,0.502255,train
usfd_032_v3,SEVERE,0.95,0.8078,0.571,EXPRESS,0.1,7.4235,0.524332,train
usfd_032_v4,SEVERE,1.0,0.7466,0.8136,EXPRESS,0.1,7.7688,0.541159,train
usfd_032_v5,SEVERE,0.8675,0.662,0.5476,EXPRESS,0.1,7.1981,0.496007,train
usfd_032_v6,SEVERE,0.865,0.8237,0.6654,EXPRESS,0.1,8.2153,0.519868,train
usfd_032_v7,SEVERE,0.8814,0.7241,0.5964,EXPRESS,0.1,7.2931,0.50738,train
usfd_032_v8,SEVERE,0.8542,0.6996,0.5305,EXPRESS,0.1,6.9661,0.497047,train
usfd_032_v9,SEVERE,0.9977,0.7297,0.7179,HIGH,0.1,7.4881,0.51984,train
usfd_033_v0,MINOR,0.3986,0.8225,0.8148,EXPRESS,0.1,5.1987,0.413234,train
usfd_033_v1,MINOR,0.394,0.7346,0.7677,EXPRESS,0.1,5.4582,0.402702,train
usfd_033_v2,MINOR,0.3116,0.8006,0.4098,EXPRESS,0.1,4.779,0.377211,train
usfd_033_v3,MINOR,0.477,0.8541,0.6042,EXPRESS,0.1,5.0763,0.411104,train
usfd_033_v4,MINOR,0.4718,0.8755,0.8151,EXPRESS,0.1,5.3966,0.426155,train
usfd_033_v5,MINOR,0.4569,0.7689,0.6109,HIGH,0.1,5.0981,0.396072,train
usfd_033_v6,MINOR,0.3271,0.9578,0.6617,HIGH,0.1,5.5751,0.398682,train
usfd_033_v7,MINOR,0.4145,0.889,0.5252,EXPRESS,0.1,5.2775,0.401702,train
usfd_033_v8,MINOR,0.3078,0.8318,0.7096,HIGH,0.1,4.2778,0.390432,train
usfd_033_v9,MINOR,0.3999,0.8547,0.5724,EXPRESS,0.1,4.9388,0.400137,train
usfd_034_v0,MINOR,0.7887,0.7526,0.5567,EXPRESS,0.0,5.8506,0.433564,train
usfd_034_v1,MINOR,0.8418,0.6673,0.7031,EXPRESS,0.0,5.9528,0.440769,train
usfd_034_v2,MINOR,0.7819,0.7631,0.5191,EXPRESS,0.0,6.0922,0.431602,train
usfd_034_v3,MINOR,0.9101,0.7894,0.6619,EXPRESS,0.0,5.5484,0.460087,train
usfd_034_v4,MINOR,0.8239,0.7934,0.8049,EXPRESS,0.0,6.2188,0.457613,train
usfd_034_v5,MINOR,0.9431,0.7167,0.4399,EXPRESS,0.0,5.8282,0.444508,train
usfd_034_v6,MINOR,0.9119,0.6596,0.644,HIGH,0.0,6.1825,0.43926,train
usfd_034_v7,MINOR,0.7964,0.6038,0.4972,HIGH,0.0,5.2248,0.410492,train
usfd_034_v8,MINOR,0.8085,0.755,0.8599,EXPRESS,0.0,6.3566,0.455405,train
usfd_034_v9,MINOR,0.7849,0.6576,0.4547,EXPRESS,0.0,5.3581,0.418335,train
usfd_035_v0,SEVERE,0.9061,0.3728,0.6262,EXPRESS,0.4,6.5367,0.491666,train
usfd_035_v1,SEVERE,1.0,0.4242,0.6943,EXPRESS,0.4,7.309,0.514347,train
usfd_035_v2,SEVERE,0.8261,0.3293,0.6602,HIGH,0.4,6.8964,0.467924,train
usfd_035_v3,SEVERE,0.9114,0.3678,0.5199,EXPRESS,0.4,6.3333,0.483717,train
usfd_035_v4,SEVERE,0.8637,0.4667,0.8751,HIGH,0.4,6.6351,0.504415,train
usfd_035_v5,SEVERE,1.0,0.3559,0.829,EXPRESS,0.1,7.4239,0.499389,train
usfd_035_v6,SEVERE,0.8497,0.3675,0.7226,EXPRESS,0.4,6.6329,0.492062,train
usfd_035_v7,SEVERE,0.9015,0.3758,0.5178,EXPRESS,0.4,7.0647,0.483203,train
usfd_035_v8,SEVERE,0.9471,0.3075,0.8032,EXPRESS,0.4,6.6071,0.504117,train
usfd_035_v9,SEVERE,1.0,0.4162,0.6921,HIGH,0.4,6.9247,0.500793,train
usfd_036_v0,CRITICAL,1.0,0.8501,0.8227,HIGH,0.4,9.4492,0.579959,train
usfd_036_v1,CRITICAL,0.9977,0.987,0.7457,EXPRESS,0.4,8.9196,0.602385,train
usfd_036_v2,CRITICAL,1.0,0.8642,0.6527,EXPRESS,0.4,8.347,0.582417,train
usfd_036_v3,CRITICAL,1.0,0.937,0.6836,EXPRESS,0.4,9.5638,0.592567,train
usfd_036_v4,CRITICAL,0.882,0.9764,0.5847,EXPRESS,0.4,9.3198,0.571637,train
usfd_036_v5,CRITICAL,0.9953,0.8991,0.769,EXPRESS,0.1,9.3915,0.577264,train
usfd_036_v6,CRITICAL,0.8422,0.9436,0.4373,EXPRESS,0.4,8.0619,0.551825,train
usfd_036_v7,CRITICAL,1.0,0.9087,0.5919,EXPRESS,0.4,9.2808,0.582571,train
usfd_036_v8,CRITICAL,0.9523,0.8386,0.5594,HIGH,0.4,8.342,0.550905,train
usfd_036_v9,CRITICAL,0.9617,0.8672,0.689,EXPRESS,0.4,8.8873,0.57997,train
usfd_037_v0,MODERATE,0.6317,0.7151,0.8994,EXPRESS,0.1,6.4096,0.466297,train
usfd_037_v1,MODERATE,0.5308,0.7839,0.5109,HIGH,0.4,5.5413,0.438761,train
usfd_037_v2,MODERATE,0.5095,0.7022,0.5312,EXPRESS,0.4,6.1958,0.440142,train
usfd_037_v3,MODERATE,0.5825,0.8246,0.4415,EXPRESS,0.4,6.2362,0.453155,train
usfd_037_v4,MODERATE,0.4649,0.6736,0.6797,EXPRESS,0.4,5.6939,0.443959,train
usfd_037_v5,MODERATE,0.7248,0.7907,0.5613,HIGH,0.1,5.9349,0.45277,train
usfd_037_v6,MODERATE,0.5975,0.7238,0.4904,HIGH,0.4,6.0362,0.440172,train
usfd_037_v7,MODERATE,0.6554,0.7332,0.6567,EXPRESS,0.4,6.3264,0.470159,train
usfd_037_v8,MODERATE,0.6094,0.6937,0.6559,EXPRESS,0.4,6.5143,0.460781,train
usfd_037_v9,MODERATE,0.5296,0.7693,0.7185,HIGH,0.4,6.1022,0.453285,train
usfd_038_v0,CRITICAL,0.7648,1.0,0.8022,EXPRESS,0.4,8.6091,0.574175,train
usfd_038_v1,CRITICAL,0.9349,0.9132,0.5622,EXPRESS,0.4,8.1727,0.571218,train
usfd_038_v2,CRITICAL,0.8725,1.0,0.6614,EXPRESS,0.4,8.8214,0.578474,train
usfd_038_v3,CRITICAL,0.8239,1.0,0.8028,EXPRESS,0.4,8.8389,0.582711,train
usfd_038_v4,CRITICAL,0.9459,1.0,0.8313,HIGH,0.4,9.0003,0.588491,train
usfd_038_v5,CRITICAL,0.8253,1.0,0.8538,HIGH,0.1,8.2071,0.553843,train
usfd_038_v6,CRITICAL,0.8481,1.0,0.7863,EXPRESS,0.4,9.1749,0.584863,train
usfd_038_v7,CRITICAL,0.9109,1.0,0.633,EXPRESS,0.4,9.4148,0.581981,train
usfd_038_v8,CRITICAL,0.8402,1.0,0.8647,EXPRESS,0.4,9.2817,0.590253,train
usfd_038_v9,CRITICAL,0.8935,0.9557,0.6949,EXPRESS,0.4,9.1387,0.579675,train
usfd_039_v0,MINOR,0.6034,0.4607,0.5008,EXPRESS,0.4,4.5399,0.400013,train
usfd_039_v1,MINOR,0.7377,0.5947,0.4707,EXPRESS,0.4,4.8427,0.425331,train
usfd_039_v2,MINOR,0.775,0.575,0.4169,EXPRESS,0.4,4.9784,0.424268,train
usfd_039_v3,MINOR,0.7939,0.6368,0.378,HIGH,0.4,4.6146,0.423636,train
usfd_039_v4,MINOR,0.5581,0.5496,0.7731,HIGH,0.4,5.1673,0.417139,train
usfd_039_v5,MINOR,0.7065,0.4769,0.4586,EXPRESS,0.4,4.7262,0.409822,train
usfd_039_v6,MINOR,0.6194,0.6232,0.6643,EXPRESS,0.4,5.2955,0.428183,train
usfd_039_v7,MINOR,0.7714,0.4941,0.4924,HIGH,0.4,5.0448,0.414966,train
usfd_039_v8,MINOR,0.6031,0.4901,0.5161,EXPRESS,0.4,5.0377,0.403608,train
usfd_039_v9,MINOR,0.8288,0.5852,0.5426,EXPRESS,0.4,5.9906,0.440866,train
usfd_040_v0,MINOR,0.896,0.8143,0.866,EXPRESS,0.4,6.2287,0.499576,train
usfd_040_v1,MINOR,0.8204,0.8009,0.6211,EXPRESS,0.4,5.8206,0.467337,train
usfd_040_v2,MINOR,0.8398,0.8112,0.7976,EXPRESS,0.4,6.9601,0.485405,train
usfd_040_v3,MINOR,0.8637,0.7068,0.5288,HIGH,0.4,5.8457,0.450277,train
usfd_040_v4,MINOR,0.8913,0.8194,0.5887,EXPRESS,0.4,5.8635,0.47669,train
usfd_040_v5,MINOR,0.7944,0.7847,0.6728,EXPRESS,0.4,6.3462,0.466218,train
usfd_040_v6,MINOR,0.8438,0.7918,0.6234,EXPRESS,0.4,5.8987,0.469832,train
usfd_040_v7,MINOR,0.9597,0.6531,0.8065,EXPRESS,0.4,5.8575,0.48624,train
usfd_040_v8,MINOR,0.9099,0.7458,0.6487,EXPRESS,0.4,5.8327,0.476261,train
usfd_040_v9,MINOR,0.9496,0.7904,0.7419,EXPRESS,0.4,6.5783,0.494177,train
usfd_041_v0,SEVERE,0.9362,0.3223,0.6555,EXPRESS,0.4,7.2822,0.492254,train
usfd_041_v1,SEVERE,1.0,0.4079,0.6961,EXPRESS,0.4,7.0358,0.512701,train
usfd_041_v2,SEVERE,0.985,0.2843,0.3888,HIGH,0.4,6.728,0.461907,train
usfd_041_v3,SEVERE,1.0,0.3535,0.3914,EXPRESS,0.4,6.4016,0.483949,train
usfd_041_v4,SEVERE,1.0,0.3399,0.7122,EXPRESS,0.4,6.7018,0.50653,train
usfd_041_v5,SEVERE,1.0,0.4333,0.5871,EXPRESS,0.4,7.3928,0.506923,train
usfd_041_v6,SEVERE,0.8906,0.4141,0.5257,EXPRESS,0.4,6.6759,0.486467,train
usfd_041_v7,SEVERE,1.0,0.2517,0.3439,EXPRESS,0.4,6.7545,0.469567,train
usfd_041_v8,SEVERE,1.0,0.3929,0.6154,EXPRESS,0.4,6.6579,0.504659,train
usfd_041_v9,SEVERE,1.0,0.2718,0.5327,EXPRESS,0.4,6.695,0.485061,train
usfd_042_v0,MODERATE,0.59,0.4333,0.685,EXPRESS,0.4,5.4728,0.437673,train
usfd_042_v1,MODERATE,0.4928,0.3859,0.4816,EXPRESS,0.4,4.1648,0.408525,train
usfd_042_v2,MODERATE,0.6252,0.4148,0.6942,EXPRESS,0.4,4.9946,0.440539,train
usfd_042_v3,MODERATE,0.5131,0.3398,0.4485,EXPRESS,0.4,5.0083,0.404424,train
usfd_042_v4,MODERATE,0.4942,0.3594,0.641,EXPRESS,0.4,4.9983,0.418151,train
usfd_042_v5,MODERATE,0.7277,0.3252,0.6454,EXPRESS,0.4,5.855,0.439511,train
usfd_042_v6,MODERATE,0.6123,0.3287,0.5234,EXPRESS,0.4,4.43,0.418566,train
usfd_042_v7,MODERATE,0.4923,0.3143,0.5717,EXPRESS,0.4,5.0401,0.40907,train
usfd_042_v8,MODERATE,0.5658,0.4516,0.5299,EXPRESS,0.4,4.6144,0.424931,train
usfd_042_v9,MODERATE,0.5407,0.4836,0.7268,EXPRESS,0.4,4.9319,0.440113,train
usfd_043_v0,MINOR,0.2478,0.4551,0.9114,EXPRESS,0.0,3.439,0.371908,train
usfd_043_v1,MINOR,0.5129,0.3029,0.8163,EXPRESS,0.0,4.4416,0.378159,train
usfd_043_v2,MINOR,0.4011,0.3197,0.4624,HIGH,0.0,2.934,0.343791,train
usfd_043_v3,MINOR,0.4903,0.3478,0.7903,EXPRESS,0.0,4.4625,0.378009,train
usfd_043_v4,MINOR,0.2636,0.4377,0.8413,EXPRESS,0.0,4.4594,0.367514,train
usfd_043_v5,MINOR,0.3029,0.3274,0.7671,EXPRESS,0.0,3.9243,0.358638,train
usfd_043_v6,MINOR,0.4592,0.3493,0.7411,HIGH,0.0,3.6109,0.366168,train
usfd_043_v7,MINOR,0.5282,0.3381,0.574,EXPRESS,0.0,3.8201,0.368179,train
usfd_043_v8,MINOR,0.3931,0.3721,0.5859,EXPRESS,0.0,4.0247,0.359143,train
usfd_043_v9,MINOR,0.4611,0.2864,0.4934,EXPRESS,0.0,3.6446,0.353889,train
usfd_044_v0,MODERATE,0.8575,0.3633,0.6426,HIGH,0.0,5.286,0.427087,train
usfd_044_v1,MODERATE,0.8264,0.324,0.533,HIGH,0.0,5.114,0.413388,train
usfd_044_v2,MODERATE,0.8131,0.3516,0.4905,EXPRESS,0.0,4.7843,0.421554,train
usfd_044_v3,MODERATE,0.8835,0.3649,0.6341,EXPRESS,0.0,5.5625,0.439118,train
usfd_044_v4,MODERATE,0.7003,0.4502,0.9621,EXPRESS,0.0,6.0309,0.447929,train
usfd_044_v5,MODERATE,0.7807,0.3461,0.5355,EXPRESS,0.0,5.2372,0.419829,train
usfd_044_v6,MODERATE,0.6952,0.3869,0.6484,EXPRESS,0.0,4.7953,0.420746,train
usfd_044_v7,MODERATE,0.8004,0.3193,0.73,EXPRESS,0.0,5.154,0.430879,train
usfd_044_v8,MODERATE,0.7057,0.3309,0.9795,EXPRESS,0.0,5.83,0.43859,train
usfd_044_v9,MODERATE,0.933,0.3659,0.6139,EXPRESS,0.0,6.2245,0.443944,train
usfd_045_v0,MODERATE,0.5438,0.7772,0.7283,EXPRESS,0.4,5.997,0.465937,train
usfd_045_v1,MODERATE,0.6015,0.9137,0.5966,EXPRESS,0.4,6.4972,0.474942,train
usfd_045_v2,MODERATE,0.4482,0.7685,0.6304,EXPRESS,0.4,5.6839,0.445947,train
usfd_045_v3,MODERATE,0.3973,0.8628,0.7169,EXPRESS,0.4,6.2686,0.454351,train
usfd_045_v4,MODERATE,0.442,0.9106,0.7846,EXPRESS,0.4,6.3097,0.469244,train
usfd_045_v5,MODERATE,0.4399,0.8586,0.8076,EXPRESS,0.4,6.2818,0.46668,train
usfd_045_v6,MODERATE,0.462,0.7984,0.7435,EXPRESS,0.4,6.4381,0.459051,train
usfd_045_v7,MODERATE,0.3878,0.9181,0.6717,EXPRESS,0.4,6.1052,0.453951,train
usfd_045_v8,MODERATE,0.5309,0.8583,0.8175,EXPRESS,0.4,6.3557,0.478811,train
usfd_045_v9,MODERATE,0.5849,0.8574,0.7353,HIGH,0.4,6.7314,0.469276,train
usfd_046_v0,MODERATE,0.2778,0.641,0.8184,HIGH,0.0,5.605,0.399445,train
usfd_046_v1,MODERATE,0.3426,0.6199,0.7407,EXPRESS,0.0,5.0588,0.408632,train
usfd_046_v2,MODERATE,0.1225,0.5917,0.6439,EXPRESS,0.0,4.4731,0.38001,train
usfd_046_v3,MODERATE,0.3181,0.6592,0.596,EXPRESS,0.0,5.0684,0.40042,train
usfd_046_v4,MODERATE,0.2401,0.609,0.5694,HIGH,0.0,4.376,0.378727,train
usfd_046_v5,MODERATE,0.4108,0.5632,0.8159,HIGH,0.0,4.9331,0.406919,train
usfd_046_v6,MODERATE,0.2293,0.6114,0.6328,EXPRESS,0.0,4.6016,0.390407,train
usfd_046_v7,MODERATE,0.3472,0.6038,0.5597,EXPRESS,0.0,4.3801,0.397275,train
usfd_046_v8,MODERATE,0.3238,0.6696,0.8304,HIGH,0.0,5.8098,0.406959,train
usfd_046_v9,MODERATE,0.2385,0.6049,0.5036,EXPRESS,0.0,5.0392,0.383756,train
usfd_047_v0,MINOR,0.6756,0.531,0.6307,EXPRESS,0.0,4.7563,0.403077,train
usfd_047_v1,MINOR,0.687,0.5428,0.5159,EXPRESS,0.0,4.59,0.399051,train
usfd_047_v2,MINOR,0.7891,0.4612,0.7379,EXPRESS,0.0,4.5826,0.416077,train
usfd_047_v3,MINOR,0.7044,0.6244,0.5117,EXPRESS,0.0,4.9137,0.408308,train
usfd_047_v4,MINOR,0.683,0.5925,0.768,EXPRESS,0.0,5.3322,0.417895,train
usfd_047_v5,MINOR,0.8267,0.5374,0.5761,EXPRESS,0.0,5.2903,0.418367,train
usfd_047_v6,MINOR,0.8153,0.5912,0.5559,EXPRESS,0.0,4.7268,0.421121,train
usfd_047_v7,MINOR,0.7121,0.4436,0.5591,HIGH,0.0,4.7101,0.388984,train
usfd_047_v8,MINOR,0.7426,0.5036,0.6121,EXPRESS,0.0,4.5317,0.407157,train
usfd_047_v9,MINOR,0.8325,0.5887,0.6951,EXPRESS,0.0,5.5365,0.431203,train
usfd_048_v0,SEVERE,0.7475,0.2781,0.6402,EXPRESS,1.0,6.2301,0.497193,train
usfd_048_v1,SEVERE,0.6923,0.2473,0.7204,EXPRESS,0.7,6.1612,0.479735,train
usfd_048_v2,SEVERE,0.7488,0.3569,0.5606,EXPRESS,0.7,6.3167,0.481673,train
usfd_048_v3,SEVERE,0.7098,0.2562,0.6988,EXPRESS,0.7,5.918,0.48037,train
usfd_048_v4,SEVERE,0.759,0.2536,0.6973,EXPRESS,0.7,6.6217,0.485234,train
usfd_048_v5,SEVERE,0.8219,0.2426,0.44,EXPRESS,0.4,5.7367,0.454739,train
usfd_048_v6,SEVERE,0.8274,0.2583,0.6819,EXPRESS,0.7,7.05,0.491771,train
usfd_048_v7,SEVERE,0.7146,0.386,0.6949,EXPRESS,0.7,7.118,0.492927,train
usfd_048_v8,SEVERE,0.7379,0.2897,0.841,EXPRESS,0.7,7.1484,0.500434,train
usfd_048_v9,SEVERE,0.8762,0.2974,0.7186,EXPRESS,0.7,6.5576,0.504812,train
usfd_049_v0,CRITICAL,0.8506,1.0,0.6181,HIGH,0.4,8.2769,0.557177,train
usfd_049_v1,CRITICAL,0.7542,0.9202,0.5441,EXPRESS,0.1,7.8406,0.529877,train
usfd_049_v2,CRITICAL,0.849,0.9079,0.5386,EXPRESS,0.1,8.8326,0.54183,train
usfd_049_v3,CRITICAL,0.903,0.899,0.8168,EXPRESS,0.1,9.2829,0.567038,train
usfd_049_v4,CRITICAL,0.9182,1.0,0.6024,EXPRESS,0.1,8.4487,0.565458,train
usfd_049_v5,CRITICAL,0.9107,1.0,0.7363,EXPRESS,0.1,9.0241,0.573035,train
usfd_049_v6,CRITICAL,0.7445,0.9628,0.6125,EXPRESS,0.1,8.6932,0.536904,train
usfd_049_v7,CRITICAL,0.7623,0.9531,0.543,EXPRESS,0.1,7.996,0.534165,train
usfd_049_v8,CRITICAL,0.9081,0.9155,0.5527,EXPRESS,0.1,8.717,0.552082,train
usfd_049_v9,CRITICAL,0.9154,0.9717,0.6973,EXPRESS,0.1,8.2898,0.568201,train
usfd_050_v0,CRITICAL,0.9283,0.7936,0.6862,HIGH,0.1,8.6529,0.535832,train
usfd_050_v1,CRITICAL,0.9411,0.8356,0.6208,EXPRESS,0.1,8.2353,0.552743,train
usfd_050_v2,CRITICAL,0.9638,0.7297,0.4342,EXPRESS,0.1,7.8865,0.533459,train
usfd_050_v3,CRITICAL,0.8898,0.9215,0.5709,HIGH,0.1,8.8593,0.53625,train
usfd_050_v4,CRITICAL,0.8486,0.8577,0.5671,EXPRESS,0.1,7.7571,0.538408,train
usfd_050_v5,CRITICAL,1.0,0.7748,0.6562,HIGH,0.1,8.8308,0.54216,train
usfd_050_v6,CRITICAL,0.8397,0.8293,0.5166,EXPRESS,0.1,7.6783,0.531189,train
usfd_050_v7,CRITICAL,1.0,0.8607,0.3948,EXPRESS,0.1,7.8533,0.550714,train
usfd_050_v8,CRITICAL,0.8543,0.856,0.5181,EXPRESS,0.1,8.4833,0.536063,train
usfd_050_v9,CRITICAL,1.0,0.8345,0.4472,HIGH,0.1,8.0417,0.535897,train
usfd_051_v0,CRITICAL,0.8654,0.9205,0.7253,EXPRESS,0.7,9.2308,0.591263,train
usfd_051_v1,CRITICAL,0.9308,0.8966,0.8772,HIGH,0.4,8.9958,0.579408,train
usfd_051_v2,CRITICAL,0.692,1.0,0.656,EXPRESS,0.4,8.5678,0.552047,train
usfd_051_v3,CRITICAL,0.7863,0.9823,0.7546,EXPRESS,0.4,8.2576,0.571613,train
usfd_051_v4,CRITICAL,0.7141,1.0,0.8358,EXPRESS,0.4,9.2949,0.569824,train
usfd_051_v5,CRITICAL,0.8255,0.898,0.5908,HIGH,0.4,8.3898,0.541147,train
usfd_051_v6,CRITICAL,0.8358,1.0,0.7562,EXPRESS,0.4,9.1139,0.580618,train
usfd_051_v7,CRITICAL,0.8224,0.9735,0.6838,EXPRESS,0.4,8.4702,0.570262,train
usfd_051_v8,CRITICAL,0.7031,1.0,0.9819,EXPRESS,0.4,8.4658,0.581044,train
usfd_051_v9,CRITICAL,0.8699,1.0,0.6913,EXPRESS,0.4,9.496,0.580425,train
usfd_052_v0,CRITICAL,0.9741,0.7864,0.896,EXPRESS,0.4,9.1649,0.590262,train
usfd_052_v1,CRITICAL,0.9931,0.9209,0.7398,HIGH,0.4,8.4506,0.57971,train
usfd_052_v2,CRITICAL,0.8129,0.738,0.4559,EXPRESS,0.4,7.7689,0.528327,train
usfd_052_v3,CRITICAL,0.9609,0.8602,0.5978,EXPRESS,0.4,8.1483,0.5721,train
usfd_052_v4,CRITICAL,0.8788,0.8532,0.6627,EXPRESS,0.4,8.5375,0.564564,train
usfd_052_v5,CRITICAL,0.8588,0.8916,0.6462,EXPRESS,0.4,8.9467,0.564342,train
usfd_052_v6,CRITICAL,0.9135,0.7732,0.7111,EXPRESS,0.4,8.8992,0.565027,train
usfd_052_v7,CRITICAL,0.8239,0.7472,0.6055,EXPRESS,0.4,8.1666,0.541784,train
usfd_052_v8,CRITICAL,0.8242,0.8783,0.8479,HIGH,0.4,8.8528,0.559797,train
usfd_052_v9,CRITICAL,0.9784,0.7928,0.8129,EXPRESS,0.4,9.1867,0.584522,train
usfd_053_v0,MINOR,0.913,0.6134,0.5603,EXPRESS,0.0,5.254,0.436132,train
usfd_053_v1,MINOR,1.0,0.7043,0.4013,EXPRESS,0.0,5.4641,0.449166,train
usfd_053_v2,MINOR,0.7553,0.6925,0.6202,HIGH,0.0,5.2461,0.420719,train
usfd_053_v3,MINOR,0.8864,0.6799,0.6163,EXPRESS,0.0,5.4215,0.442708,train
usfd_053_v4,MINOR,0.7647,0.6648,0.7987,HIGH,0.0,5.5323,0.430315,train
usfd_053_v5,MINOR,0.8106,0.7226,0.4874,EXPRESS,0.0,5.2985,0.429708,train
usfd_053_v6,MINOR,0.776,0.7662,0.7326,EXPRESS,0.0,6.3262,0.443739,train
usfd_053_v7,MINOR,0.9778,0.6339,0.5183,EXPRESS,0.0,5.9459,0.444642,train
usfd_053_v8,MINOR,0.8051,0.5656,0.6587,EXPRESS,0.0,5.7721,0.423295,train
usfd_053_v9,MINOR,0.843,0.7409,0.7821,EXPRESS,0.0,5.4907,0.453414,train
usfd_054_v0,MINOR,0.6416,0.4965,0.8475,EXPRESS,0.4,4.601,0.434315,train
usfd_054_v1,MINOR,0.6382,0.5228,0.5111,EXPRESS,0.4,4.7007,0.409984,train
usfd_054_v2,MINOR,0.672,0.5087,0.6986,HIGH,0.4,5.4301,0.420267,train
usfd_054_v3,MINOR,0.7725,0.489,0.3921,EXPRESS,0.4,4.4966,0.414034,train
usfd_054_v4,MINOR,0.6131,0.5779,0.8604,EXPRESS,0.4,4.7451,0.439495,train
usfd_054_v5,MINOR,0.7478,0.5798,0.6805,HIGH,0.4,4.9754,0.434404,train
usfd_054_v6,MINOR,0.6481,0.452,0.7883,EXPRESS,0.4,4.5193,0.426039,train
usfd_054_v7,MINOR,0.8111,0.5895,0.5975,EXPRESS,0.4,5.3196,0.443167,train
usfd_054_v8,MINOR,0.7639,0.427,0.5478,HIGH,0.4,5.1328,0.411664,train
usfd_054_v9,MINOR,0.608,0.5536,0.5636,EXPRESS,0.4,4.5083,0.413112,train
usfd_055_v0,CRITICAL,0.7026,0.803,0.8799,EXPRESS,0.4,8.0656,0.553543,train
usfd_055_v1,CRITICAL,0.7653,0.7249,0.5207,EXPRESS,0.4,7.8082,0.525377,train
usfd_055_v2,CRITICAL,0.6773,0.7429,0.626,EXPRESS,0.4,7.7326,0.523643,train
usfd_055_v3,CRITICAL,0.9315,0.7815,0.5629,HIGH,0.4,7.7459,0.542113,train
usfd_055_v4,CRITICAL,0.6778,0.8472,0.8901,EXPRESS,0.4,7.7962,0.555296,train
usfd_055_v5,CRITICAL,0.9006,0.7756,0.4761,HIGH,0.4,7.9957,0.530751,train
usfd_055_v6,CRITICAL,0.8025,0.792,0.8359,HIGH,0.4,8.2004,0.547179,train
usfd_055_v7,CRITICAL,0.8085,0.8596,0.5395,EXPRESS,0.4,8.5443,0.545941,train
usfd_055_v8,CRITICAL,0.6736,0.7124,0.8917,EXPRESS,0.4,7.5593,0.542374,train
usfd_055_v9,CRITICAL,0.8977,0.8144,0.6917,EXPRESS,0.4,8.6167,0.565533,train
usfd_056_v0,SEVERE,0.6821,0.6025,0.5005,HIGH,0.4,6.3445,0.465392,train
usfd_056_v1,SEVERE,0.7109,0.591,0.7035,EXPRESS,0.7,6.4863,0.512906,train
usfd_056_v2,SEVERE,0.7306,0.4436,0.6013,EXPRESS,0.7,6.4365,0.491643,train
usfd_056_v3,SEVERE,0.6871,0.5766,0.4409,HIGH,0.7,6.0452,0.472701,train
usfd_056_v4,SEVERE,0.6872,0.5867,0.5056,EXPRESS,0.7,6.363,0.491667,train
usfd_056_v5,SEVERE,0.7508,0.4924,0.592,HIGH,0.7,6.1608,0.485424,train
usfd_056_v6,SEVERE,0.6679,0.6169,0.5821,EXPRESS,0.7,7.1727,0.498908,train
usfd_056_v7,SEVERE,0.8708,0.6079,0.6845,EXPRESS,0.7,7.5018,0.533062,train
usfd_056_v8,SEVERE,0.7363,0.5925,0.6927,EXPRESS,0.7,6.702,0.51516,train
usfd_056_v9,SEVERE,0.7565,0.4838,0.73,EXPRESS,0.7,6.3912,0.510585,train
usfd_057_v0,MINOR,0.318,0.7759,0.7985,EXPRESS,0.0,5.3761,0.393795,validation
usfd_057_v1,MINOR,0.164,0.7714,0.4783,EXPRESS,0.0,4.4317,0.359649,validation
usfd_057_v2,MINOR,0.0934,0.8393,0.4595,EXPRESS,0.0,4.2529,0.356104,validation
usfd_057_v3,MINOR,0.2252,0.8378,0.7098,HIGH,0.0,4.5833,0.376684,validation
usfd_057_v4,MINOR,0.2735,0.7795,0.8573,HIGH,0.0,4.9092,0.386968,validation
usfd_057_v5,MINOR,0.3674,0.7527,0.597,HIGH,0.0,5.0314,0.379199,validation
usfd_057_v6,MINOR,0.2916,0.7684,0.4954,EXPRESS,0.0,3.7764,0.373037,validation
usfd_057_v7,MINOR,0.1958,0.6838,0.5823,HIGH,0.0,4.3239,0.356498,validation
usfd_057_v8,MINOR,0.1284,0.6661,0.7785,EXPRESS,0.0,4.442,0.366474,validation
usfd_057_v9,MINOR,0.2177,0.6744,0.6064,EXPRESS,0.0,4.3439,0.365248,validation
usfd_058_v0,CRITICAL,0.8632,0.9321,0.9412,EXPRESS,0.4,8.9747,0.593408,validation
usfd_058_v1,CRITICAL,0.7442,0.7904,0.4915,HIGH,0.4,8.1872,0.511851,validation
usfd_058_v2,CRITICAL,0.85,0.9221,0.6966,HIGH,0.4,9.1129,0.55535,validation
usfd_058_v3,CRITICAL,0.8865,0.9458,0.7518,HIGH,0.4,8.8899,0.567526,validation
usfd_058_v4,CRITICAL,0.7021,0.7914,0.8324,HIGH,0.4,8.3318,0.533386,validation
usfd_058_v5,CRITICAL,0.9477,0.9197,0.5936,EXPRESS,0.4,8.1979,0.57612,validation
usfd_058_v6,CRITICAL,0.8046,0.9442,0.824,HIGH,0.4,8.7616,0.561524,validation
usfd_058_v7,CRITICAL,0.9448,0.7581,0.7351,HIGH,0.4,9.0138,0.554985,validation
usfd_058_v8,CRITICAL,0.7003,0.9071,0.5924,EXPRESS,0.4,8.274,0.539549,validation
usfd_058_v9,CRITICAL,0.9328,0.8493,0.543,HIGH,0.4,7.8262,0.547986,validation
usfd_059_v0,MINOR,0.9116,0.6816,0.4923,EXPRESS,0.0,5.8755,0.439284,validation
usfd_059_v1,MINOR,1.0,0.8069,0.569,EXPRESS,0.0,6.301,0.469437,validation
usfd_059_v2,MINOR,0.8743,0.7259,0.7174,EXPRESS,0.0,6.1762,0.45197,validation
usfd_059_v3,MINOR,0.949,0.6747,0.71,EXPRESS,0.0,5.782,0.456372,validation
usfd_059_v4,MINOR,1.0,0.6448,0.5598,EXPRESS,0.0,6.1052,0.451194,validation
usfd_059_v5,MINOR,1.0,0.8096,0.409,EXPRESS,0.0,6.1489,0.461046,validation
usfd_059_v6,MINOR,0.9659,0.6662,0.7487,HIGH,0.0,6.4209,0.453807,validation
usfd_059_v7,MINOR,0.9477,0.6503,0.454,HIGH,0.0,5.6625,0.432456,validation
usfd_059_v8,MINOR,1.0,0.776,0.5978,HIGH,0.0,5.7718,0.461258,validation
usfd_059_v9,MINOR,0.9219,0.7744,0.7077,HIGH,0.0,5.8852,0.456563,validation
usfd_060_v0,SEVERE,0.7826,0.6389,0.8218,EXPRESS,0.4,6.7924,0.519448,validation
usfd_060_v1,SEVERE,0.781,0.6084,0.4697,EXPRESS,0.4,6.523,0.488477,validation
usfd_060_v2,SEVERE,0.7754,0.6478,0.7014,HIGH,0.4,7.113,0.496863,validation
usfd_060_v3,SEVERE,0.7844,0.7571,0.5847,EXPRESS,0.4,7.0217,0.512179,validation
usfd_060_v4,SEVERE,0.7916,0.5952,0.6644,HIGH,0.4,7.2164,0.490746,validation
usfd_060_v5,SEVERE,0.9002,0.5671,0.5745,EXPRESS,0.1,7.0627,0.492116,validation
usfd_060_v6,SEVERE,0.8129,0.7482,0.7643,EXPRESS,0.4,7.6667,0.529471,validation
usfd_060_v7,SEVERE,0.9481,0.645,0.7896,EXPRESS,0.4,7.2367,0.539252,validation
usfd_060_v8,SEVERE,0.8967,0.6929,0.7578,EXPRESS,0.4,8.0461,0.534645,validation
usfd_060_v9,SEVERE,0.9026,0.7041,0.4851,EXPRESS,0.4,6.9267,0.515451,validation
usfd_061_v0,MINOR,0.7262,0.9444,0.8751,HIGH,0.1,6.8752,0.463593,validation
usfd_061_v1,MINOR,0.6545,0.9195,0.6826,EXPRESS,0.1,5.5932,0.444367,validation
usfd_061_v2,MINOR,0.7086,0.9028,0.4585,EXPRESS,0.1,5.5181,0.436364,validation
usfd_061_v3,MINOR,0.6283,0.8052,0.6149,EXPRESS,0.1,5.775,0.426246,validation
usfd_061_v4,MINOR,0.6395,0.8245,0.7195,EXPRESS,0.1,5.2422,0.436202,validation
usfd_061_v5,MINOR,0.6911,0.8717,0.8075,EXPRESS,0.1,5.5644,0.453425,validation
usfd_061_v6,MINOR,0.5587,0.8571,0.5692,EXPRESS,0.1,5.1779,0.419225,validation
usfd_061_v7,MINOR,0.6665,0.8418,0.4467,HIGH,0.1,4.8134,0.41812,validation
usfd_061_v8,MINOR,0.6361,0.8587,0.5672,EXPRESS,0.1,5.3106,0.429094,validation
usfd_061_v9,MINOR,0.607,0.8991,0.8,EXPRESS,0.1,5.3147,0.44423,validation
usfd_062_v0,SEVERE,1.0,0.7106,0.6039,EXPRESS,0.4,7.2752,0.538639,validation
usfd_062_v1,SEVERE,1.0,0.6469,0.7614,EXPRESS,0.4,8.2253,0.544242,validation
usfd_062_v2,SEVERE,0.8847,0.7034,0.63,HIGH,0.4,7.0186,0.511333,validation
usfd_062_v3,SEVERE,1.0,0.7982,0.6755,EXPRESS,0.4,8.469,0.553771,validation
usfd_062_v4,SEVERE,0.9437,0.6518,0.6162,EXPRESS,0.4,7.0507,0.525371,validation
usfd_062_v5,SEVERE,1.0,0.7959,0.3833,HIGH,0.1,7.769,0.506877,validation
usfd_062_v6,SEVERE,0.8799,0.7413,0.739,EXPRESS,0.4,7.4651,0.535819,validation
usfd_062_v7,SEVERE,1.0,0.721,0.6259,HIGH,0.4,7.1281,0.529035,validation
usfd_062_v8,SEVERE,0.9094,0.7388,0.5628,EXPRESS,0.4,7.6439,0.525777,validation
usfd_062_v9,SEVERE,0.9639,0.6827,0.7295,EXPRESS,0.4,8.0125,0.540485,validation
usfd_063_v0,CRITICAL,0.7584,0.8373,0.5795,EXPRESS,0.4,8.4871,0.539821,validation
usfd_063_v1,CRITICAL,0.9054,0.8655,0.502,EXPRESS,0.4,7.8043,0.557555,validation
usfd_063_v2,CRITICAL,0.8773,0.8835,0.3979,EXPRESS,0.4,8.3757,0.548057,validation
usfd_063_v3,CRITICAL,0.8943,0.7617,0.4953,EXPRESS,0.4,7.8494,0.544716,validation
usfd_063_v4,CRITICAL,0.9221,0.8585,0.6839,EXPRESS,0.4,8.4958,0.572945,validation
usfd_063_v5,CRITICAL,0.8105,0.8233,0.6652,EXPRESS,0.4,7.8052,0.552203,validation
usfd_063_v6,CRITICAL,0.8128,0.8925,0.7317,EXPRESS,0.4,8.7374,0.564696,validation
usfd_063_v7,CRITICAL,0.8962,0.7897,0.4376,HIGH,0.4,8.5321,0.52887,validation
usfd_063_v8,CRITICAL,0.8437,0.9023,0.6188,EXPRESS,0.4,8.9642,0.561157,validation
usfd_063_v9,CRITICAL,0.8217,0.79,0.7005,EXPRESS,0.4,8.6466,0.553223,validation
usfd_064_v0,SEVERE,0.8826,0.53,0.7146,EXPRESS,0.1,7.2148,0.495103,validation
usfd_064_v1,SEVERE,0.9894,0.4319,0.4978,EXPRESS,0.1,6.1673,0.484518,validation
usfd_064_v2,SEVERE,0.8599,0.4944,0.4064,EXPRESS,0.1,6.0872,0.469495,validation
usfd_064_v3,SEVERE,0.8783,0.567,0.693,EXPRESS,0.1,7.0865,0.496936,validation
usfd_064_v4,SEVERE,0.8929,0.5481,0.801,HIGH,0.1,6.6212,0.491852,validation
usfd_064_v5,SEVERE,0.7807,0.4317,0.6537,EXPRESS,0.1,6.6524,0.46854,validation
usfd_064_v6,SEVERE,0.7706,0.4279,0.4725,EXPRESS,0.1,5.8983,0.455811,validation
usfd_064_v7,SEVERE,0.9391,0.4463,0.4346,EXPRESS,0.1,6.9619,0.475993,validation
usfd_064_v8,SEVERE,0.8029,0.5533,0.6838,EXPRESS,0.1,6.3267,0.485309,validation
usfd_064_v9,SEVERE,0.9635,0.5101,0.6774,EXPRESS,0.1,6.883,0.500974,validation
usfd_065_v0,MINOR,0.513,0.6008,0.6549,HIGH,0.0,4.408,0.386307,validation
usfd_065_v1,MINOR,0.6967,0.5813,0.663,EXPRESS,0.0,5.3233,0.411995,validation
usfd_065_v2,MINOR,0.6869,0.4975,0.7324,HIGH,0.0,4.9712,0.40116,validation
usfd_065_v3,MINOR,0.5611,0.4847,0.7845,HIGH,0.0,4.8587,0.389675,validation
usfd_065_v4,MINOR,0.6175,0.5527,0.6352,EXPRESS,0.0,4.9135,0.398737,validation
usfd_065_v5,MINOR,0.6568,0.5931,0.6333,HIGH,0.0,4.464,0.400401,validation
usfd_065_v6,MINOR,0.5895,0.4328,0.6089,EXPRESS,0.0,3.9729,0.38394,validation
usfd_065_v7,MINOR,0.7224,0.5253,0.5795,EXPRESS,0.0,4.6769,0.404994,validation
usfd_065_v8,MINOR,0.5309,0.4767,0.8355,HIGH,0.0,4.9109,0.389154,validation
usfd_065_v9,MINOR,0.6316,0.4882,0.7711,EXPRESS,0.0,4.6364,0.40288,validation
usfd_066_v0,SEVERE,1.0,0.4591,0.6888,EXPRESS,0.7,7.032,0.53449,validation
usfd_066_v1,SEVERE,1.0,0.4136,0.593,HIGH,0.7,7.2962,0.508213,validation
usfd_066_v2,SEVERE,0.8815,0.3768,0.6675,HIGH,0.7,6.587,0.496378,validation
usfd_066_v3,SEVERE,1.0,0.2675,0.7823,HIGH,0.7,6.9838,0.509937,validation
usfd_066_v4,SEVERE,0.8617,0.4289,0.8165,EXPRESS,0.7,6.5999,0.526181,validation
usfd_066_v5,SEVERE,1.0,0.3134,0.5838,EXPRESS,0.7,6.4678,0.508862,validation
usfd_066_v6,SEVERE,1.0,0.3861,0.5521,EXPRESS,0.7,7.2133,0.514028,validation
usfd_066_v7,SEVERE,0.9748,0.3511,0.4865,EXPRESS,0.7,6.2955,0.501321,validation
usfd_066_v8,SEVERE,1.0,0.2535,0.5973,HIGH,0.7,6.2682,0.490992,validation
usfd_066_v9,SEVERE,0.9579,0.3126,0.6409,HIGH,0.7,6.9819,0.496332,validation
usfd_067_v0,MINOR,0.4409,0.2779,0.7985,HIGH,0.0,4.2645,0.362587,validation
usfd_067_v1,MINOR,0.5093,0.2405,0.7487,EXPRESS,0.0,4.275,0.368643,validation
usfd_067_v2,MINOR,0.5306,0.2698,0.516,EXPRESS,0.0,3.9183,0.35988,validation
usfd_067_v3,MINOR,0.4543,0.3212,0.5725,EXPRESS,0.0,3.4276,0.360031,validation
usfd_067_v4,MINOR,0.4814,0.26,0.6699,HIGH,0.0,3.357,0.357098,validation
usfd_067_v5,MINOR,0.6224,0.3025,0.7754,HIGH,0.0,4.5353,0.379847,validation
usfd_067_v6,MINOR,0.381,0.4404,0.7453,HIGH,0.0,3.7506,0.366138,validation
usfd_067_v7,MINOR,0.5351,0.3644,0.8314,HIGH,0.0,4.6236,0.380095,validation
usfd_067_v8,MINOR,0.4139,0.3202,0.9849,HIGH,0.0,3.9254,0.375703,validation
usfd_067_v9,MINOR,0.6342,0.43,0.7395,EXPRESS,0.0,4.1803,0.396064,validation
usfd_068_v0,MINOR,0.6171,0.4517,0.8913,HIGH,0.0,4.6583,0.399753,validation
usfd_068_v1,MINOR,0.6518,0.5705,0.6657,HIGH,0.0,4.6598,0.399713,validation
usfd_068_v2,MINOR,0.5361,0.4158,0.6681,EXPRESS,0.0,4.8249,0.38052,validation
usfd_068_v3,MINOR,0.5414,0.6241,0.4395,EXPRESS,0.0,3.903,0.385842,validation
usfd_068_v4,MINOR,0.5128,0.4728,0.7962,EXPRESS,0.0,4.8544,0.390642,validation
usfd_068_v5,MINOR,0.6484,0.523,0.7855,EXPRESS,0.0,4.7877,0.408746,validation
usfd_068_v6,MINOR,0.5755,0.5801,0.4324,EXPRESS,0.0,4.1111,0.385557,validation
usfd_068_v7,MINOR,0.593,0.5453,0.5483,EXPRESS,0.0,4.6131,0.390529,validation
usfd_068_v8,MINOR,0.6871,0.4209,0.7717,HIGH,0.0,5.0961,0.396703,validation
usfd_068_v9,MINOR,0.7144,0.6139,0.4243,EXPRESS,0.0,4.5213,0.404007,validation
usfd_069_v0,SEVERE,0.9328,0.2801,0.5395,EXPRESS,0.4,6.0985,0.478437,test
usfd_069_v1,SEVERE,0.8702,0.4003,0.5096,EXPRESS,0.4,6.452,0.481364,test
usfd_069_v2,SEVERE,0.7285,0.3395,0.5917,HIGH,0.4,5.9023,0.452647,test
usfd_069_v3,SEVERE,0.8937,0.27,0.3668,EXPRESS,0.4,6.1774,0.460583,test
usfd_069_v4,SEVERE,0.7731,0.3417,0.5331,EXPRESS,0.4,6.7021,0.465847,test
usfd_069_v5,SEVERE,0.8472,0.2509,0.4196,EXPRESS,0.4,6.0932,0.456957,test
usfd_069_v6,SEVERE,0.8136,0.4014,0.6168,HIGH,0.4,6.7238,0.470328,test
usfd_069_v7,SEVERE,0.8132,0.3083,0.6624,EXPRESS,0.4,6.1226,0.476974,test
usfd_069_v8,SEVERE,0.8253,0.3804,0.4687,HIGH,0.4,5.7358,0.458584,test
usfd_069_v9,SEVERE,0.932,0.4143,0.3732,EXPRESS,0.4,6.1257,0.480795,test
usfd_070_v0,MODERATE,1.0,0.3986,0.6332,EXPRESS,0.0,6.3314,0.456884,test
usfd_070_v1,MODERATE,0.9359,0.3729,0.7011,EXPRESS,0.0,6.055,0.45032,test
usfd_070_v2,MODERATE,1.0,0.3801,0.5938,EXPRESS,0.0,5.5275,0.452539,test
usfd_070_v3,MODERATE,1.0,0.4261,0.3498,EXPRESS,0.0,6.1215,0.44454,test
usfd_070_v4,MODERATE,0.9659,0.3917,0.8189,HIGH,0.0,6.2165,0.454234,test
usfd_070_v5,MODERATE,1.0,0.3157,0.4854,EXPRESS,0.0,6.1015,0.439476,test
usfd_070_v6,MODERATE,0.971,0.3969,0.7222,EXPRESS,0.0,6.4429,0.458541,test
usfd_070_v7,MODERATE,0.9757,0.4827,0.7186,EXPRESS,0.0,5.9089,0.468185,test
usfd_070_v8,MODERATE,0.9491,0.43,0.7498,EXPRESS,0.0,6.4391,0.461114,test
usfd_070_v9,MODERATE,1.0,0.4624,0.7046,EXPRESS,0.0,5.9789,0.468247,test
usfd_071_v0,MINOR,0.6798,0.6681,0.5885,EXPRESS,0.1,5.3577,0.41859,test
usfd_071_v1,MINOR,0.82,0.6808,0.6081,EXPRESS,0.4,5.2776,0.454224,test
usfd_071_v2,MINOR,0.6145,0.6761,0.5587,EXPRESS,0.4,5.0405,0.424304,test
usfd_071_v3,MINOR,0.7695,0.7783,0.4448,EXPRESS,0.4,5.9815,0.445195,test
usfd_071_v4,MINOR,0.6555,0.5851,0.5085,EXPRESS,0.4,4.579,0.417353,test
usfd_071_v5,MINOR,0.77,0.6122,0.445,HIGH,0.4,5.3019,0.422817,test
usfd_071_v6,MINOR,0.6008,0.7607,0.3433,EXPRESS,0.4,4.5168,0.415193,test
usfd_071_v7,MINOR,0.7983,0.7279,0.6763,EXPRESS,0.4,5.9786,0.461381,test
usfd_071_v8,MINOR,0.587,0.7369,0.7699,EXPRESS,0.4,5.737,0.442869,test
usfd_071_v9,MINOR,0.8124,0.6875,0.7131,EXPRESS,0.4,5.6695,0.462176,test
usfd_072_v0,SEVERE,0.8425,0.3126,0.6149,EXPRESS,0.4,6.8292,0.477031,test
usfd_072_v1,SEVERE,0.9692,0.4623,0.6762,EXPRESS,0.4,7.4742,0.513084,test
usfd_072_v2,SEVERE,0.8412,0.4007,0.7048,EXPRESS,0.4,6.4899,0.492995,test
usfd_072_v3,SEVERE,0.8126,0.4465,0.4691,HIGH,0.4,6.3181,0.463741,test
usfd_072_v4,SEVERE,0.8005,0.3657,0.737,HIGH,0.4,6.5718,0.474824,test
usfd_072_v5,SEVERE,0.8312,0.3461,0.6782,HIGH,0.7,6.3478,0.488268,test
usfd_072_v6,SEVERE,0.7222,0.4965,0.6406,EXPRESS,0.4,6.5713,0.4832,test
usfd_072_v7,SEVERE,0.9074,0.3516,0.708,EXPRESS,0.4,6.4485,0.496107,test
usfd_072_v8,SEVERE,0.7541,0.2936,0.7164,EXPRESS,0.4,6.3135,0.473273,test
usfd_072_v9,SEVERE,0.7921,0.3542,0.4797,EXPRESS,0.4,5.9933,0.465343,test
usfd_073_v0,MINOR,0.7024,0.5405,0.7692,EXPRESS,0.0,5.5246,0.41546,test
usfd_073_v1,MINOR,0.9455,0.3618,0.7045,EXPRESS,0.0,5.6853,0.422491,test
usfd_073_v2,MINOR,0.7973,0.4842,0.8205,EXPRESS,0.0,5.0947,0.424603,test
usfd_073_v3,MINOR,0.9298,0.579,0.5913,EXPRESS,0.0,5.2734,0.436517,test
usfd_073_v4,MINOR,0.8687,0.5244,0.7069,EXPRESS,0.0,5.3529,0.430006,test
usfd_073_v5,MINOR,0.7205,0.5397,0.514,EXPRESS,0.0,5.3342,0.402519,test
usfd_073_v6,MINOR,0.6902,0.5813,0.6521,HIGH,0.0,4.3854,0.404307,test
usfd_073_v7,MINOR,0.8709,0.5147,0.7829,EXPRESS,0.0,5.0381,0.434128,test
usfd_073_v8,MINOR,0.7791,0.5005,0.9474,EXPRESS,0.0,5.6711,0.43277,test
usfd_073_v9,MINOR,0.9355,0.5394,0.4985,EXPRESS,0.0,5.108,0.427938,test
usfd_074_v0,SEVERE,0.761,0.6609,0.8094,EXPRESS,0.1,6.867,0.499361,test
usfd_074_v1,SEVERE,0.8621,0.6976,0.6238,EXPRESS,0.1,6.6802,0.50375,test
usfd_074_v2,SEVERE,0.9016,0.727,0.6283,EXPRESS,0.1,7.746,0.512518,test
usfd_074_v3,SEVERE,0.9405,0.7902,0.4008,EXPRESS,0.1,6.8803,0.511056,test
usfd_074_v4,SEVERE,0.9289,0.6803,0.5263,EXPRESS,0.1,7.1625,0.504976,test
usfd_074_v5,SEVERE,0.8948,0.7521,0.5613,EXPRESS,0.4,7.4036,0.525022,test
usfd_074_v6,SEVERE,0.9314,0.7591,0.7558,HIGH,0.1,7.8728,0.516164,test
usfd_074_v7,SEVERE,1.0,0.779,0.6635,EXPRESS,0.1,8.4071,0.534398,test
usfd_074_v8,SEVERE,0.8728,0.731,0.541,HIGH,0.1,7.2372,0.490965,test
usfd_074_v9,SEVERE,0.9289,0.8394,0.4936,EXPRESS,0.1,8.0705,0.519942,test
usfd_075_v0,SEVERE,0.8025,0.5725,0.8584,EXPRESS,0.4,6.9651,0.518539,test
usfd_075_v1,SEVERE,0.9803,0.4989,0.5525,EXPRESS,0.4,7.5245,0.508916,test
usfd_075_v2,SEVERE,0.9243,0.6465,0.8777,EXPRESS,0.4,7.8782,0.543737,test
usfd_075_v3,SEVERE,0.8498,0.5035,0.5193,EXPRESS,0.4,6.7216,0.490189,test
usfd_075_v4,SEVERE,0.7994,0.4856,0.8622,HIGH,0.4,7.0993,0.497301,test
usfd_075_v5,SEVERE,0.996,0.5236,0.6603,EXPRESS,0.4,7.4654,0.522013,test
usfd_075_v6,SEVERE,0.8557,0.5629,0.6065,EXPRESS,0.4,6.4372,0.503617,test
usfd_075_v7,SEVERE,0.8391,0.5043,0.7759,EXPRESS,0.4,7.5055,0.509178,test
usfd_075_v8,SEVERE,0.7522,0.6066,0.9512,EXPRESS,0.4,7.2293,0.523848,test
usfd_075_v9,SEVERE,0.8533,0.6003,0.5503,EXPRESS,0.4,7.4447,0.50287,test
usfd_076_v0,MINOR,1.0,0.728,0.775,HIGH,0.4,5.9243,0.490918,test
usfd_076_v1,MINOR,0.9081,0.6737,0.6425,HIGH,0.4,5.9665,0.461478,test
usfd_076_v2,MINOR,0.9272,0.788,0.8021,EXPRESS,0.4,6.6184,0.495747,test
usfd_076_v3,MINOR,1.0,0.7944,0.7497,EXPRESS,0.4,6.3535,0.502609,test
usfd_076_v4,MINOR,1.0,0.8166,0.676,EXPRESS,0.4,6.6431,0.499044,test
usfd_076_v5,MINOR,0.9852,0.7704,0.7047,EXPRESS,0.4,6.658,0.49412,test
usfd_076_v6,MINOR,0.8698,0.8028,0.6181,HIGH,0.4,6.5971,0.467704,test
usfd_076_v7,MINOR,1.0,0.8635,0.734,EXPRESS,0.4,6.6653,0.508911,test
usfd_076_v8,MINOR,0.8825,0.7675,0.5847,EXPRESS,0.4,5.5286,0.469743,test
usfd_076_v9,MINOR,0.9396,0.8815,0.5841,EXPRESS,0.4,6.4496,0.489933,test
usfd_077_v0,CRITICAL,0.7211,1.0,0.7296,EXPRESS,0.4,8.9929,0.562012,test
usfd_077_v1,CRITICAL,0.9704,0.9027,0.6977,HIGH,0.4,8.9886,0.571031,test
usfd_077_v2,CRITICAL,0.7977,0.9807,0.8142,EXPRESS,0.4,8.7187,0.578002,test
usfd_077_v3,CRITICAL,0.9877,0.9833,0.6212,EXPRESS,0.4,9.0435,0.590861,test
usfd_077_v4,CRITICAL,0.8257,0.9708,0.8007,HIGH,0.4,8.3662,0.565235,test
usfd_077_v5,CRITICAL,0.7885,0.9787,0.5646,HIGH,0.4,8.6007,0.54189,test
usfd_077_v6,CRITICAL,0.7384,0.9261,0.8045,EXPRESS,0.4,8.5457,0.563583,test
usfd_077_v7,CRITICAL,0.8849,0.8921,0.5445,EXPRESS,0.4,7.8863,0.560446,test
usfd_077_v8,CRITICAL,0.7204,0.9647,0.6645,EXPRESS,0.4,7.8563,0.553373,test
usfd_077_v9,CRITICAL,0.9073,0.8912,0.5833,HIGH,0.4,8.9962,0.551685,test
usfd_078_v0,SEVERE,0.7638,0.4627,0.567,EXPRESS,0.4,6.2321,0.479179,test
usfd_078_v1,SEVERE,0.7006,0.4098,0.8367,EXPRESS,0.4,6.2108,0.488597,test
usfd_078_v2,SEVERE,0.8193,0.4402,0.7574,EXPRESS,0.4,6.478,0.498701,test
usfd_078_v3,SEVERE,0.8383,0.4029,0.7293,EXPRESS,0.4,6.7161,0.494873,test
usfd_078_v4,SEVERE,0.7617,0.366,0.7138,HIGH,0.4,5.9827,0.468515,test
usfd_078_v5,SEVERE,0.8863,0.4209,0.6075,HIGH,0.7,6.7502,0.496037,test
usfd_078_v6,SEVERE,0.7675,0.3578,0.7531,EXPRESS,0.4,6.0591,0.484069,test
usfd_078_v7,SEVERE,0.7957,0.3461,0.681,EXPRESS,0.4,6.9273,0.480245,test
usfd_078_v8,SEVERE,0.806,0.4498,0.7684,EXPRESS,0.4,6.3193,0.498985,test
usfd_078_v9,SEVERE,0.8072,0.3959,0.7605,EXPRESS,0.4,6.5809,0.49306,test
usfd_079_v0,CRITICAL,0.9114,1.0,0.9046,EXPRESS,0.4,8.896,0.604011,test
usfd_079_v1,CRITICAL,0.9445,0.8765,0.8236,HIGH,0.4,9.3151,0.574746,test
usfd_079_v2,CRITICAL,0.8681,0.8678,0.7637,EXPRESS,0.4,8.7788,0.572614,test
usfd_079_v3,CRITICAL,0.8583,0.8614,0.7418,EXPRESS,0.4,8.3911,0.568802,test
usfd_079_v4,CRITICAL,0.8569,0.861,0.8606,HIGH,0.4,9.0867,0.563754,test
usfd_079_v5,CRITICAL,0.9317,0.9031,0.5902,EXPRESS,0.4,8.5682,0.571779,test
usfd_079_v6,CRITICAL,0.9581,0.9565,0.6281,EXPRESS,0.4,8.6332,0.584123,test
usfd_079_v7,CRITICAL,0.9036,0.8989,0.7622,EXPRESS,0.4,9.2755,0.580719,test
usfd_079_v8,CRITICAL,0.9282,0.9796,0.7786,EXPRESS,0.4,8.7316,0.593911,test
usfd_079_v9,CRITICAL,0.8815,0.9401,0.6154,EXPRESS,0.4,8.9135,0.570177,test
usfd_080_v0,MODERATE,0.6996,0.4521,0.9375,HIGH,0.4,5.5601,0.463484,test
usfd_080_v1,MODERATE,0.8122,0.4771,0.4573,HIGH,0.1,4.9552,0.427211,test
usfd_080_v2,MODERATE,0.5391,0.4669,0.8254,EXPRESS,0.1,5.4532,0.428339,test
usfd_080_v3,MODERATE,0.7608,0.5395,0.81,EXPRESS,0.1,6.309,0.459068,test
usfd_080_v4,MODERATE,0.6354,0.4303,0.8144,EXPRESS,0.1,5.3041,0.434677,test
usfd_080_v5,MODERATE,0.5981,0.5099,0.638,HIGH,0.4,4.8702,0.4323,test
usfd_080_v6,MODERATE,0.5874,0.4201,0.4946,EXPRESS,0.1,5.2713,0.408179,test
usfd_080_v7,MODERATE,0.6748,0.469,0.6661,EXPRESS,0.1,5.8179,0.432498,test
usfd_080_v8,MODERATE,0.5465,0.408,0.6655,EXPRESS,0.1,5.5575,0.413299,test
usfd_080_v9,MODERATE,0.6735,0.6127,0.5423,EXPRESS,0.1,5.3373,0.437837,test
